Feature_Set,Best_Model,Test_AUC,Test_Accuracy,Test_F1,Delta_vs_Aggregate_AUC
Aggregate-Only,CatBoost,0.7822459455235535,0.7031363967906638,0.6994091580502215,0.0
All / Combined Features,CatBoost,0.7988922522735405,0.7160466812545587,0.7131383096308305,0.016646306749987017
