,Val_AUC,Test_Accuracy,Test_AUC,Test_F1,AUC_Rank,Gap_vs_Best_AUC,Gap_vs_LogReg_AUC
CatBoost,0.7933480574414744,0.7160466812545587,0.7988922522735405,0.7131383096308305,1,0.0,0.001825816777263678
LightGBM,0.7920738197567394,0.7157549234135667,0.7980377486559987,0.7127589002727206,2,0.0008545036175418019,0.000971313159721876
XGBoost,0.7928506452279566,0.7142961342086068,0.7975256827772044,0.7106448991652508,3,0.0013665694963361785,0.00045924728092749945
LogisticRegression,0.7926724256276102,0.7174325309992706,0.7970664354962769,0.7156905915162189,4,0.001825816777263678,0.0
RandomForest,0.7721039447967263,0.7023340627279359,0.780712439890648,0.6981285598047193,5,0.01817981238289257,-0.01635399560562889
DecisionTree,0.765933653824256,0.6996353026987601,0.7754630224699934,0.691072768192048,6,0.023429229803547114,-0.021603413026283436
