Model,Model_Source,ROC_AUC,PR_AUC,Accuracy_at_0_50,F1_at_0_50,Mean_Prob_Blue,Std_Prob_Blue
CatBoost,outputs\all_features\final_best_model.joblib,0.7990109557944514,0.8098768772853115,0.7164113785557987,0.7142017053807703,0.5006765155613944,0.2541696046132319
