split,rows,blue_win_ratio
train,63975,0.5000547088706526
validation,13709,0.5000364723904005
test,13710,0.500072939460248
