Experiment,Model,Test_AUC,Test_Accuracy,Test_F1
03 Baseline,LogisticRegression,0.7828129687065344,0.7052516411378555,0.7027583670467084
04 Aggregate-only,CatBoost,0.7824347900994879,0.7035010940919038,0.7002433448860703
05 All features,CatBoost,0.8001061649560988,0.7186725018234865,0.716042111462858
