Feature_Set,Best_Model,Best_Test_AUC,LogReg_Test_AUC,Best_minus_LogReg_Test_AUC,Best_Test_Accuracy,LogReg_Test_Accuracy,Best_minus_LogReg_Test_Accuracy,Best_Test_F1,LogReg_Test_F1,Best_minus_LogReg_Test_F1
Aggregate-only,CatBoost,0.7822459455235535,0.7812421580768276,0.0010037874467259122,0.7031363967906638,0.7036469730123998,-0.0005105762217360033,0.6994091580502215,0.7012280314729025,-0.0018188734226809444
All features,CatBoost,0.7988922522735405,0.7970664354962769,0.001825816777263678,0.7160466812545587,0.7174325309992706,-0.0013858497447118978,0.7131383096308305,0.7156905915162189,-0.0025522818853884743
