Feature_Set,Best_Model,Best_Test_AUC,LogReg_Test_AUC,Best_minus_LogReg_Test_AUC,Best_Test_Accuracy,LogReg_Test_Accuracy,Best_minus_LogReg_Test_Accuracy,Best_Test_F1,LogReg_Test_F1,Best_minus_LogReg_Test_F1
Aggregate-only,CatBoost,0.7824347900994879,0.7812421580768276,0.0011926320226602893,0.7035010940919038,0.7036469730123998,-0.00014587892049600093,0.7002433448860703,0.7012280314729025,-0.0009846865868321508
All features,CatBoost,0.8001061649560988,0.7970664354962769,0.003039729459821894,0.7186725018234865,0.7174325309992706,0.0012399708242158969,0.716042111462858,0.7156905915162189,0.00035151994663906727
