case_bucket,Diff_TotalGold,Diff_MinionsKilled,Diff_kills,Diff_DmgDealt,Diff_KDA,Diff_DragonKills,Diff_TowerKills,Diff_Kills,Blue_TotalGold_sum,Red_TotalGold_sum,BlueKills,RedKills,BlueDragonKills,RedDragonKills,BlueTowerKills,RedTowerKills,linear_prob_blue,tree_prob_blue,linear_margin,tree_margin,count
both_correct,-32.86051059206953,-1.5326453014665942,0.08245518739815318,29.33709940249864,0.0643212982736234,-0.08267246061922869,-0.0017381857686040196,-0.4095600217273221,19467.132210755026,19499.992721347095,8.243237370994025,8.652797392721347,0.3808799565453558,0.46355241716458445,0.10277023356871266,0.10450841933731668,0.5038919655324401,0.504463895996506,0.26607833312565465,0.2523484417274526,9205
both_wrong,-17.8731089842544,-1.4600185242358752,0.06205619018215498,-53.6980549552331,0.06534957565750049,-0.0941648656992899,-0.013275702377276937,0.14047545538746525,18835.99073788206,18853.863846866316,7.826489657301637,7.686014201914171,0.3806730472368015,0.4748379129360914,0.05464649583204693,0.06792219820932387,0.48946781282633967,0.490258528500799,0.17739856829353062,0.15899171227885686,3239
linear_correct_tree_wrong,125.72900158478605,-0.5103011093502378,0.4120443740095087,318.8716323296355,0.1784180713346077,-0.03645007923930269,0.009508716323296355,0.4849445324881141,19625.78763866878,19500.058637083992,8.234548335974644,7.749603803486529,0.3977812995245642,0.43423137876386686,0.098256735340729,0.08874801901743265,0.5057623230272242,0.4945431944505877,0.0688768082734854,0.0545515229133129,631
linear_wrong_tree_correct,47.44409448818897,0.02047244094488189,0.29763779527559053,193.6047244094488,0.12654093255934046,-0.11653543307086614,-0.009448818897637795,0.3858267716535433,19665.24094488189,19617.7968503937,8.4251968503937,8.039370078740157,0.3417322834645669,0.4582677165354331,0.08818897637795275,0.09763779527559055,0.5023143082169573,0.5021444394467999,0.06678475856493078,0.06387776256720788,635
