model_family,model,test_accuracy,test_auc,test_f1
linear,LogisticRegression,0.7174325309992706,0.7970664354962769,0.7156905915162189
tree_based,CatBoostClassifier,0.7177242888402626,0.7993172696130222,0.7146859333529932
