,AUC_Rank,Val_AUC,Test_AUC,Test_Accuracy,Test_F1,Gap_vs_Best_AUC,Gap_vs_LogReg_AUC
LogisticRegression,4,0.7721924852562043,0.7812421580768276,0.7036469730123998,0.7012280314729025,0.0011926320226602893,0.0
CatBoost,1,0.7733880155805668,0.7824347900994879,0.7035010940919038,0.7002433448860703,0.0,0.0011926320226602893
