,Val_AUC,Test_Accuracy,Test_AUC,Test_F1,AUC_Rank,Gap_vs_Best_AUC,Gap_vs_LogReg_AUC
CatBoost,0.7733880155805668,0.7031363967906638,0.7822459455235535,0.6994091580502215,1,0.0,0.0010037874467259122
LightGBM,0.77286852146159,0.7041575492341356,0.7818295255706706,0.7000887311446318,2,0.0004164199528828849,0.0005873674938430273
XGBoost,0.773156128968544,0.7034281546316558,0.7817414023580334,0.6990822972172883,3,0.0005045431655201771,0.0004992442812057352
LogisticRegression,0.7721924852562043,0.7036469730123998,0.7812421580768276,0.7012280314729025,4,0.0010037874467259122,0.0
RandomForest,0.7712546161824291,0.7032822757111598,0.7800662100915272,0.6997342781222321,5,0.0021797354320263196,-0.0011759479853004073
DecisionTree,0.7630674437794688,0.6995623632385121,0.7743150585524589,0.6938229391213856,6,0.007930886971094675,-0.006927099524368763
