,Val_AUC,Test_Accuracy,Test_AUC,Test_F1,AUC_Rank,Gap_vs_Best_AUC,Gap_vs_LogReg_AUC
CatBoost,0.7733880155805668,0.7036469730123998,0.7821646746834034,0.6997265538393319,1,0.0,0.0009225166065758295
XGBoost,0.773156128968544,0.7032822757111598,0.7818903031353392,0.6985773562537048,2,0.0002743715480642006,0.0006481450585116288
LightGBM,0.77286852146159,0.7041575492341356,0.7818295255706706,0.7000887311446318,3,0.0003351491127328021,0.0005873674938430273
LogisticRegression,0.7721924852562043,0.7036469730123998,0.7812421580768276,0.7012280314729025,4,0.0009225166065758295,0.0
RandomForest,0.7712546161824291,0.7032822757111598,0.7800662100915272,0.6997342781222321,5,0.002098464591876237,-0.0011759479853004073
DecisionTree,0.7630674437794688,0.6995623632385121,0.7743150585524589,0.6938229391213856,6,0.007849616130944592,-0.006927099524368763
